[
    {
        "traveler_type": "adults",
        "title": "Mr",
        "first_name": "Younas",
        "last_name": "Mahmood",
        "dateofBirth": "2001-01-01",
        "gender": "MALE",
        "email": "user@phptravels.com",
        "calling_code": 34,
        "number": "123456",
        "documentType": "PASSPORT",
        "birthPlace": "Madrid",
        "issuanceLocation": "Madrid",
        "issuanceDate": "2018-02-01",
        "expiryDate": "2023-05-01",
        "issuanceCountry": "ES",
        "validityCountry": "ES",
        "nationality": "ES",
        "holder": true
    },
    {
        "traveler_type": "child",
        "title": "Mr",
        "first_name": "akram",
        "last_name": "khan",
        "dateofBirth": "2016-01-01",
        "gender": "MALE",
        "email": "user@phptravels.com",
        "calling_code": 34,
        "number": "123456",
        "documentType": "PASSPORT",
        "birthPlace": "Madrid",
        "issuanceLocation": "Madrid",
        "issuanceDate": "2020-02-01",
        "expiryDate": "2025-04-01",
        "issuanceCountry": "ES",
        "validityCountry": "ES",
        "nationality": "ES",
        "holder": true
    },
    {
        "traveler_type": "infant",
        "title": "Mr",
        "first_name": "usama",
        "last_name": "khan",
        "dateofBirth": "2020-02-01",
        "gender": "MALE",
        "email": "user@phptravels.com",
        "calling_code": 34,
        "number": "123456",
        "documentType": "PASSPORT",
        "birthPlace": "Madrid",
        "issuanceLocation": "Madrid",
        "issuanceDate": "2020-02-01",
        "expiryDate": "2027-10-01",
        "issuanceCountry": "ES",
        "validityCountry": "ES",
        "nationality": "ES",
        "holder": true
    }
]