{
  "success": true,
  "providerErrorList": [
    {
      "description": "No fares found"
    }
  ],
  "availableFareList": [
    {
      "passengerTypeFareList": [
        {
          "passengerTypeCode": "ADT",
          "count": 2,
          "priceList": [
            {
              "value": 108.2,
              "currency": {
                "iso": "EUR"
              },
              "type": "TOTAL_TAX"
            },
            {
              "value": 146,
              "currency": {
                "iso": "EUR"
              },
              "type": "AGENCY_PURCHASE_PRICE"
            },
            {
              "value": 0,
              "currency": {
                "iso": "EUR"
              },
              "type": "AGENCY_MARGIN"
            }
          ],
          "surchargeInfoList": [
            {
              "value": 10,
              "currency": {
                "iso": "EUR"
              },
              "type": "TICKET_FEE_INFORMATION"
            }
          ]
        },
        {
          "passengerTypeCode": "CHD",
          "count": 1,
          "priceList": [
            {
              "value": 108.2,
              "currency": {
                "iso": "EUR"
              },
              "type": "TOTAL_TAX"
            },
            {
              "value": 113,
              "currency": {
                "iso": "EUR"
              },
              "type": "AGENCY_PURCHASE_PRICE"
            },
            {
              "value": 0,
              "currency": {
                "iso": "EUR"
              },
              "type": "AGENCY_MARGIN"
            }
          ],
          "surchargeInfoList": [
            {
              "value": 10,
              "currency": {
                "iso": "EUR"
              },
              "type": "TICKET_FEE_INFORMATION"
            }
          ]
        },
        {
          "passengerTypeCode": "INF",
          "count": 1,
          "priceList": [
            {
              "value": 54.97,
              "currency": {
                "iso": "EUR"
              },
              "type": "TOTAL_TAX"
            },
            {
              "value": 24,
              "currency": {
                "iso": "EUR"
              },
              "type": "AGENCY_PURCHASE_PRICE"
            },
            {
              "value": 0,
              "currency": {
                "iso": "EUR"
              },
              "type": "AGENCY_MARGIN"
            }
          ],
          "surchargeInfoList": [
            {
              "value": 10,
              "currency": {
                "iso": "EUR"
              },
              "type": "TICKET_FEE_INFORMATION"
            }
          ]
        }
      ],
      "legList": [
        {
          "index": 1,
          "itineraryList": [
            {
              "id": "81c58476-e19a-4160-9c69-5e34b42a69bd",
              "flyingTimeInMinutes": 180,
              "segmentList": [
                {
                  "departure": {
                    "iata": "DXB",
                    "geoObjectType": "AIRPORT",
                    "name": "Dubai Intl."
                  },
                  "destination": {
                    "iata": "LHE",
                    "geoObjectType": "AIRPORT",
                    "name": "Lahore"
                  },
                  "departureDate": {
                    "year": 2021,
                    "month": 11,
                    "day": 21
                  },
                  "departureTimeOfDay": {
                    "hour": 15,
                    "minute": 40
                  },
                  "arrivalDate": {
                    "year": 2021,
                    "month": 11,
                    "day": 21
                  },
                  "arrivalTimeOfDay": {
                    "hour": 19,
                    "minute": 40
                  },
                  "marketingAirline": {
                    "icao": "PIA",
                    "iata": "PK",
                    "name": "Pakistan International Airlines"
                  },
                  "operatingAirline": {
                    "icao": "PIA",
                    "iata": "PK",
                    "name": "Pakistan International Airlines"
                  },
                  "flightNumber": 204,
                  "bookingClassCode": "V",
                  "numberOfTechnicalStops": 0,
                  "equipmentType": {
                    "code": "320"
                  },
                  "fareBase": "VL6MAE",
                  "baggageAllowance": {
                    "unit": "KG",
                    "quantity": 30
                  },
                  "cabinClass": "ECONOMY"
                }
              ]
            }
          ]
        },
        {
          "index": 2,
          "itineraryList": [
            {
              "id": "d6d9de2a-91b6-403b-b6bc-8fd9a092f032",
              "flyingTimeInMinutes": 205,
              "segmentList": [
                {
                  "departure": {
                    "iata": "LHE",
                    "geoObjectType": "AIRPORT",
                    "name": "Lahore"
                  },
                  "destination": {
                    "iata": "DXB",
                    "geoObjectType": "AIRPORT",
                    "name": "Dubai Intl."
                  },
                  "departureDate": {
                    "year": 2021,
                    "month": 11,
                    "day": 25
                  },
                  "departureTimeOfDay": {
                    "hour": 0,
                    "minute": 30
                  },
                  "arrivalDate": {
                    "year": 2021,
                    "month": 11,
                    "day": 25
                  },
                  "arrivalTimeOfDay": {
                    "hour": 2,
                    "minute": 55
                  },
                  "marketingAirline": {
                    "icao": "PIA",
                    "iata": "PK",
                    "name": "Pakistan International Airlines"
                  },
                  "operatingAirline": {
                    "icao": "PIA",
                    "iata": "PK",
                    "name": "Pakistan International Airlines"
                  },
                  "flightNumber": 203,
                  "bookingClassCode": "V",
                  "numberOfTechnicalStops": 0,
                  "equipmentType": {
                    "code": "320"
                  },
                  "fareBase": "VL6MAE",
                  "baggageAllowance": {
                    "unit": "KG",
                    "quantity": 30
                  },
                  "cabinClass": "ECONOMY"
                }
              ]
            }
          ]
        }
      ],
      "validatingAirline": {
        "icao": "HHN",
        "iata": "HR",
        "name": "Hahn Air"
      },
      "fareId": "6b8a2bd3-f9a4-4101-b8b6-b01ae729cde0",
      "ruleSet": {
        "penaltyInfo": "PENALTY APPLIES",
        "ticketTimeLimit": "2021-11-21T23:59:00",
        "ticketTimeLimitDate": {
          "year": 2021,
          "month": 11,
          "day": 21
        },
        "ticketTimeLimitTimeOfDay": {
          "hour": 23,
          "minute": 59
        },
        "travelDocumentIsRequired": false
      },
      "ruleSetBookingList": [],
      "pnrAccessRights": {
        "voidSupported": true,
        "getCouponSupported": false,
        "refundSupported": true
      },
      "instantPurchaseRequired": false
    },
    {
      "passengerTypeFareList": [
        {
          "passengerTypeCode": "ADT",
          "count": 2,
          "priceList": [
            {
              "value": 138.54,
              "currency": {
                "iso": "EUR"
              },
              "type": "TOTAL_TAX"
            },
            {
              "value": 151,
              "currency": {
                "iso": "EUR"
              },
              "type": "AGENCY_PURCHASE_PRICE"
            },
            {
              "value": 0,
              "currency": {
                "iso": "EUR"
              },
              "type": "AGENCY_MARGIN"
            }
          ],
          "surchargeInfoList": [
            {
              "value": 10,
              "currency": {
                "iso": "EUR"
              },
              "type": "TICKET_FEE_INFORMATION"
            }
          ]
        },
        {
          "passengerTypeCode": "CHD",
          "count": 1,
          "priceList": [
            {
              "value": 138.54,
              "currency": {
                "iso": "EUR"
              },
              "type": "TOTAL_TAX"
            },
            {
              "value": 125,
              "currency": {
                "iso": "EUR"
              },
              "type": "AGENCY_PURCHASE_PRICE"
            },
            {
              "value": 0,
              "currency": {
                "iso": "EUR"
              },
              "type": "AGENCY_MARGIN"
            }
          ],
          "surchargeInfoList": [
            {
              "value": 10,
              "currency": {
                "iso": "EUR"
              },
              "type": "TICKET_FEE_INFORMATION"
            }
          ]
        },
        {
          "passengerTypeCode": "INF",
          "count": 1,
          "priceList": [
            {
              "value": 29.97,
              "currency": {
                "iso": "EUR"
              },
              "type": "TOTAL_TAX"
            },
            {
              "value": 67,
              "currency": {
                "iso": "EUR"
              },
              "type": "AGENCY_PURCHASE_PRICE"
            },
            {
              "value": 0,
              "currency": {
                "iso": "EUR"
              },
              "type": "AGENCY_MARGIN"
            }
          ],
          "surchargeInfoList": [
            {
              "value": 10,
              "currency": {
                "iso": "EUR"
              },
              "type": "TICKET_FEE_INFORMATION"
            }
          ]
        }
      ],
      "legList": [
        {
          "index": 1,
          "itineraryList": [
            {
              "id": "e81d61e8-3a24-45d0-9a49-00adae58c100",
              "flyingTimeInMinutes": 725,
              "segmentList": [
                {
                  "departure": {
                    "iata": "DXB",
                    "geoObjectType": "AIRPORT",
                    "name": "Dubai Intl."
                  },
                  "destination": {
                    "iata": "MCT",
                    "geoObjectType": "AIRPORT",
                    "name": "Muscat"
                  },
                  "departureDate": {
                    "year": 2021,
                    "month": 11,
                    "day": 21
                  },
                  "departureTimeOfDay": {
                    "hour": 17,
                    "minute": 15
                  },
                  "arrivalDate": {
                    "year": 2021,
                    "month": 11,
                    "day": 21
                  },
                  "arrivalTimeOfDay": {
                    "hour": 18,
                    "minute": 30
                  },
                  "marketingAirline": {
                    "icao": "OAS",
                    "iata": "WY",
                    "name": "Oman Aviation Services Co"
                  },
                  "operatingAirline": {
                    "icao": "OAS",
                    "iata": "WY",
                    "name": "Oman Aviation Services Co"
                  },
                  "flightNumber": 610,
                  "bookingClassCode": "L",
                  "numberOfTechnicalStops": 0,
                  "equipmentType": {
                    "code": "788"
                  },
                  "fareBase": "LEL6AE",
                  "baggageAllowance": {
                    "unit": "KG",
                    "quantity": 30
                  },
                  "cabinClass": "ECONOMY"
                },
                {
                  "departure": {
                    "iata": "MCT",
                    "geoObjectType": "AIRPORT",
                    "name": "Muscat"
                  },
                  "destination": {
                    "iata": "LHE",
                    "geoObjectType": "AIRPORT",
                    "name": "Lahore"
                  },
                  "departureDate": {
                    "year": 2021,
                    "month": 11,
                    "day": 22
                  },
                  "departureTimeOfDay": {
                    "hour": 2,
                    "minute": 40
                  },
                  "arrivalDate": {
                    "year": 2021,
                    "month": 11,
                    "day": 22
                  },
                  "arrivalTimeOfDay": {
                    "hour": 6,
                    "minute": 20
                  },
                  "marketingAirline": {
                    "icao": "OAS",
                    "iata": "WY",
                    "name": "Oman Aviation Services Co"
                  },
                  "operatingAirline": {
                    "icao": "OAS",
                    "iata": "WY",
                    "name": "Oman Aviation Services Co"
                  },
                  "flightNumber": 341,
                  "bookingClassCode": "L",
                  "numberOfTechnicalStops": 0,
                  "equipmentType": {
                    "code": "738"
                  },
                  "fareBase": "LEL6AE",
                  "baggageAllowance": {
                    "unit": "KG",
                    "quantity": 30
                  },
                  "cabinClass": "ECONOMY"
                }
              ]
            },
            {
              "id": "6f3c4b59-a001-4e57-89ef-3bddb3b2c925",
              "flyingTimeInMinutes": 395,
              "segmentList": [
                {
                  "departure": {
                    "iata": "DXB",
                    "geoObjectType": "AIRPORT",
                    "name": "Dubai Intl."
                  },
                  "destination": {
                    "iata": "MCT",
                    "geoObjectType": "AIRPORT",
                    "name": "Muscat"
                  },
                  "departureDate": {
                    "year": 2021,
                    "month": 11,
                    "day": 21
                  },
                  "departureTimeOfDay": {
                    "hour": 22,
                    "minute": 45
                  },
                  "arrivalDate": {
                    "year": 2021,
                    "month": 11,
                    "day": 21
                  },
                  "arrivalTimeOfDay": {
                    "hour": 23,
                    "minute": 55
                  },
                  "marketingAirline": {
                    "icao": "OAS",
                    "iata": "WY",
                    "name": "Oman Aviation Services Co"
                  },
                  "operatingAirline": {
                    "icao": "OAS",
                    "iata": "WY",
                    "name": "Oman Aviation Services Co"
                  },
                  "flightNumber": 612,
                  "bookingClassCode": "L",
                  "numberOfTechnicalStops": 0,
                  "equipmentType": {
                    "code": "788"
                  },
                  "fareBase": "LEL6AE",
                  "baggageAllowance": {
                    "unit": "KG",
                    "quantity": 30
                  },
                  "cabinClass": "ECONOMY"
                },
                {
                  "departure": {
                    "iata": "MCT",
                    "geoObjectType": "AIRPORT",
                    "name": "Muscat"
                  },
                  "destination": {
                    "iata": "LHE",
                    "geoObjectType": "AIRPORT",
                    "name": "Lahore"
                  },
                  "departureDate": {
                    "year": 2021,
                    "month": 11,
                    "day": 22
                  },
                  "departureTimeOfDay": {
                    "hour": 2,
                    "minute": 40
                  },
                  "arrivalDate": {
                    "year": 2021,
                    "month": 11,
                    "day": 22
                  },
                  "arrivalTimeOfDay": {
                    "hour": 6,
                    "minute": 20
                  },
                  "marketingAirline": {
                    "icao": "OAS",
                    "iata": "WY",
                    "name": "Oman Aviation Services Co"
                  },
                  "operatingAirline": {
                    "icao": "OAS",
                    "iata": "WY",
                    "name": "Oman Aviation Services Co"
                  },
                  "flightNumber": 341,
                  "bookingClassCode": "L",
                  "numberOfTechnicalStops": 0,
                  "equipmentType": {
                    "code": "738"
                  },
                  "fareBase": "LEL6AE",
                  "baggageAllowance": {
                    "unit": "KG",
                    "quantity": 30
                  },
                  "cabinClass": "ECONOMY"
                }
              ]
            }
          ]
        },
        {
          "index": 2,
          "itineraryList": [
            {
              "id": "e205c7b3-40f6-4ff6-83f5-6577cc10ff47",
              "flyingTimeInMinutes": 785,
              "segmentList": [
                {
                  "departure": {
                    "iata": "LHE",
                    "geoObjectType": "AIRPORT",
                    "name": "Lahore"
                  },
                  "destination": {
                    "iata": "MCT",
                    "geoObjectType": "AIRPORT",
                    "name": "Muscat"
                  },
                  "departureDate": {
                    "year": 2021,
                    "month": 11,
                    "day": 25
                  },
                  "departureTimeOfDay": {
                    "hour": 9,
                    "minute": 30
                  },
                  "arrivalDate": {
                    "year": 2021,
                    "month": 11,
                    "day": 25
                  },
                  "arrivalTimeOfDay": {
                    "hour": 11,
                    "minute": 40
                  },
                  "marketingAirline": {
                    "icao": "OAS",
                    "iata": "WY",
                    "name": "Oman Aviation Services Co"
                  },
                  "operatingAirline": {
                    "icao": "OAS",
                    "iata": "WY",
                    "name": "Oman Aviation Services Co"
                  },
                  "flightNumber": 342,
                  "bookingClassCode": "L",
                  "numberOfTechnicalStops": 0,
                  "equipmentType": {
                    "code": "738"
                  },
                  "fareBase": "LEL6AE",
                  "baggageAllowance": {
                    "unit": "KG",
                    "quantity": 30
                  },
                  "cabinClass": "ECONOMY"
                },
                {
                  "departure": {
                    "iata": "MCT",
                    "geoObjectType": "AIRPORT",
                    "name": "Muscat"
                  },
                  "destination": {
                    "iata": "DXB",
                    "geoObjectType": "AIRPORT",
                    "name": "Dubai Intl."
                  },
                  "departureDate": {
                    "year": 2021,
                    "month": 11,
                    "day": 25
                  },
                  "departureTimeOfDay": {
                    "hour": 20,
                    "minute": 25
                  },
                  "arrivalDate": {
                    "year": 2021,
                    "month": 11,
                    "day": 25
                  },
                  "arrivalTimeOfDay": {
                    "hour": 21,
                    "minute": 35
                  },
                  "marketingAirline": {
                    "icao": "OAS",
                    "iata": "WY",
                    "name": "Oman Aviation Services Co"
                  },
                  "operatingAirline": {
                    "icao": "OAS",
                    "iata": "WY",
                    "name": "Oman Aviation Services Co"
                  },
                  "flightNumber": 611,
                  "bookingClassCode": "L",
                  "numberOfTechnicalStops": 0,
                  "equipmentType": {
                    "code": "789"
                  },
                  "fareBase": "LEL6AE",
                  "baggageAllowance": {
                    "unit": "KG",
                    "quantity": 30
                  },
                  "cabinClass": "ECONOMY"
                }
              ]
            },
            {
              "id": "ec9b42a0-25e1-4308-abd6-9b4993ebd17b",
              "flyingTimeInMinutes": 425,
              "segmentList": [
                {
                  "departure": {
                    "iata": "LHE",
                    "geoObjectType": "AIRPORT",
                    "name": "Lahore"
                  },
                  "destination": {
                    "iata": "MCT",
                    "geoObjectType": "AIRPORT",
                    "name": "Muscat"
                  },
                  "departureDate": {
                    "year": 2021,
                    "month": 11,
                    "day": 25
                  },
                  "departureTimeOfDay": {
                    "hour": 9,
                    "minute": 30
                  },
                  "arrivalDate": {
                    "year": 2021,
                    "month": 11,
                    "day": 25
                  },
                  "arrivalTimeOfDay": {
                    "hour": 11,
                    "minute": 40
                  },
                  "marketingAirline": {
                    "icao": "OAS",
                    "iata": "WY",
                    "name": "Oman Aviation Services Co"
                  },
                  "operatingAirline": {
                    "icao": "OAS",
                    "iata": "WY",
                    "name": "Oman Aviation Services Co"
                  },
                  "flightNumber": 342,
                  "bookingClassCode": "L",
                  "numberOfTechnicalStops": 0,
                  "equipmentType": {
                    "code": "738"
                  },
                  "fareBase": "LEL6AE",
                  "baggageAllowance": {
                    "unit": "KG",
                    "quantity": 30
                  },
                  "cabinClass": "ECONOMY"
                },
                {
                  "departure": {
                    "iata": "MCT",
                    "geoObjectType": "AIRPORT",
                    "name": "Muscat"
                  },
                  "destination": {
                    "iata": "DXB",
                    "geoObjectType": "AIRPORT",
                    "name": "Dubai Intl."
                  },
                  "departureDate": {
                    "year": 2021,
                    "month": 11,
                    "day": 25
                  },
                  "departureTimeOfDay": {
                    "hour": 14,
                    "minute": 25
                  },
                  "arrivalDate": {
                    "year": 2021,
                    "month": 11,
                    "day": 25
                  },
                  "arrivalTimeOfDay": {
                    "hour": 15,
                    "minute": 35
                  },
                  "marketingAirline": {
                    "icao": "OAS",
                    "iata": "WY",
                    "name": "Oman Aviation Services Co"
                  },
                  "operatingAirline": {
                    "icao": "OAS",
                    "iata": "WY",
                    "name": "Oman Aviation Services Co"
                  },
                  "flightNumber": 609,
                  "bookingClassCode": "L",
                  "numberOfTechnicalStops": 0,
                  "equipmentType": {
                    "code": "788"
                  },
                  "fareBase": "LEL6AE",
                  "baggageAllowance": {
                    "unit": "KG",
                    "quantity": 30
                  },
                  "cabinClass": "ECONOMY"
                }
              ]
            }
          ]
        }
      ],
      "validatingAirline": {
        "icao": "OAS",
        "iata": "WY",
        "name": "Oman Aviation Services Co"
      },
      "fareId": "9b5a06ed-f980-4fea-bfe3-54f6c815ccbb",
      "ruleSet": {
        "penaltyInfo": "TICKETS ARE NON-REFUNDABLE",
        "ticketTimeLimit": "2021-11-21T23:59:00",
        "ticketTimeLimitDate": {
          "year": 2021,
          "month": 11,
          "day": 21
        },
        "ticketTimeLimitTimeOfDay": {
          "hour": 23,
          "minute": 59
        },
        "travelDocumentIsRequired": false
      },
      "ruleSetBookingList": [],
      "pnrAccessRights": {
        "voidSupported": true,
        "getCouponSupported": false,
        "refundSupported": true
      },
      "instantPurchaseRequired": false
    }
  ]
}